{"name":"Ikkon","l":12.19,"h":2.7,"d":4.11,"styles":[{"selector":".group:has(.door-left,.door-right)","style":"transition-duration:0.4s;"},{"selector":".building:hover .group:has(.ikkon-window.door-left)","style":"transform:translate(-4vw,0)"},{"selector":".building:hover .group:has(.ikkon-window.door-right)","style":"transform:translate(4vw,0)"},{"selector":".building:hover .group:has(.tile.door-left)","style":"transform:translate3d(0,0,-4vw)"},{"selector":".building:hover .group:has(.tile.door-right)","style":"transform:translate3d(0,0,4vw)"},{"selector":".front.logo::before","style":"content:'BECC';inset:0;display:flex;align-items:center;justify-content:center;font-size:1.6vw;color:black;font-weight:bold;position:absolute;overflow-hidden"},{"selector":"sensor:has(.state.normal)","style":"--accent:#2ECC71"},{"selector":".state.normal","style":"background-color:#2ECC71 !important"},{"selector":"sensor:has(.state.warning)","style":"--accent:#F39C12"},{"selector":".state.warning","style":"background-color:#F39C12 !important"},{"selector":"sensor:has(.state.critical)","style":"--accent:#E74C3C"},{"selector":".state.critical","style":"background-color:#E74C3C !important"},{"selector":".ikkon-window","style":"box-shadow:inset 0 0 0 0.6vw #222;"},{"selector":".wood","style":"background:linear-gradient(177deg, #846c53, #a58566)"},{"selector":".kitchen-wall.right","style":"background:#907a5f"},{"selector":".dark-wall.front","style":"background:#484035"},{"selector":".kitchen","style":"background:linear-gradient(-10deg, #af8d6c, #bfb0a1)"},{"selector":".wood::before","style":"content:'';position:absolute;inset:0;background-image:linear-gradient(0deg, rgba(0, 0, 0, 0.4) 1px, transparent 1px), linear-gradient(90deg, rgba(0, 0, 0, 0) 1px, transparent 1px);background-size:calc(100% - 1px) 6%;background-position:bottom left;"},{"selector":".floor-tiles","style":"background:linear-gradient(-100deg, #777, #999)"},{"selector":".floor-tiles::before","style":"content:'';position:absolute;inset:0;background-image:linear-gradient(0deg, rgba(0, 0, 0, 0.2) 1px, transparent 1px), linear-gradient(90deg, rgba(0, 0, 0, 0.2) 1px, transparent 1px);background-size:4.5vw 4.5vw;background-position:bottom left;"},{"selector":".solar","style":"background-color:#040404;box-shadow:inset 0 0 0 0.5px #ffffff; background-image:linear-gradient(0deg, rgba(255,255,255, 0.1) 1px, transparent 1px),linear-gradient(90deg, rgba(255,255,255, 0.1) 1px, transparent 1px);background-size:8px 12px;"},{"selector":".engineer","style":"background-color:rgba(255,255,255,0.8); box-shadow:inset 0 0 0 1px #cccccc;"},{"selector":".tile.outer-front.front, .tile.outer-back.back, .tile.outer-back.back, .tile.outer-right.right, .tile.outer-left.left","style":"background-image:linear-gradient(0deg, rgba(0, 0, 0, 0.1) 1px, transparent 1px), linear-gradient(90deg, rgba(0, 0, 0, 0) 1px, transparent 1px); background-size:calc(100% - 1px) 36%;background-position:bottom left;"}],"floors":[{"name":"Zero","l":12.19,"d":4.11,"x":0,"y":0,"z":0,"floors":[{"x":0,"y":0,"z":0,"l":12.19,"d":4.11,"h":0.23},{"x":1.96,"y":0.23,"z":0.16,"l":10.06,"d":3.78,"h":0.01,"o":"we","class":"wood"},{"x":6.5,"y":0.23,"z":2.11,"l":2.65,"d":1.83,"h":0.02,"o":"we","class":"floor-tiles"}],"ceilings":[{"x":1.97,"y":2.5,"z":0.17,"l":10.05,"d":3.77,"h":0.2,"o":"we","class":"wall"},{"x":0,"y":2.63,"z":0.02,"l":1.8,"d":4.07,"h":0.05,"o":"we","class":"wall"}],"walls":{"outer":[{"x":1.8,"y":0.23,"z":0.17,"l":0.17,"d":3.77,"h":2.47,"o":"we","class":"kitchen-wall"},{"x":1.8,"y":0.23,"z":3.94,"l":1.59,"d":0.17,"h":2.47,"o":"we","class":"tile dark-wall"},{"x":1.8,"y":0.23,"z":0,"l":1.59,"d":0.17,"h":2.47,"o":"we","class":"tile"},{"x":4.38,"y":0.23,"z":3.94,"l":3.11,"d":0.17,"h":2.47,"o":"we","class":"tile dark-wall"},{"x":7.96,"y":0.23,"z":3.94,"l":4.23,"d":0.17,"h":2.47,"o":"we","class":"tile dark-wall"},{"x":7.93,"y":0.23,"z":0,"l":3.05,"d":0.17,"h":2.47,"o":"we","class":"tile"},{"x":3.36,"y":2.4,"z":0,"l":4.57,"d":0.17,"h":0.3,"o":"we","class":""},{"x":3.39,"y":2.23,"z":3.94,"l":0.99,"d":0.17,"h":0.47,"o":"we","class":"dark-wall"},{"x":7.49,"y":2.23,"z":3.94,"l":0.48,"d":0.17,"h":0.47,"o":"we","class":"dark-wall"},{"x":12.02,"y":0.23,"z":1.6,"l":0.17,"d":2.34,"h":2.47,"o":"we","class":"tile"},{"x":12.02,"y":2.4,"z":0.17,"l":0.17,"d":1.43,"h":0.3,"o":"we","class":""},{"x":10.98,"y":2.4,"z":0,"l":1.21,"d":0.17,"h":0.3,"o":"we","class":""},{"x":0,"y":0.23,"z":0.02,"l":1.8,"d":0.05,"h":2.4,"o":"we","class":"tile"},{"x":0,"y":0.23,"z":4.04,"l":1.8,"d":0.05,"h":2.4,"o":"we","class":"tile"},{"x":0,"y":0.23,"z":0.07,"l":0.05,"d":1,"h":2.4,"o":"we","class":"tile"},{"x":0,"y":0.23,"z":3.06,"l":0.05,"d":1,"h":2.4,"o":"we","class":"tile"},{"x":8.4,"y":1.4,"z":0,"l":1,"d":0,"h":0,"o":"we"},{"x":8.4,"y":1.4,"z":0,"l":1,"d":0,"h":0.3,"o":"we","class":"logo"},{"x":0.05,"y":0.23,"z":1.08,"l":0.05,"d":0.98,"h":2.4,"o":"we","class":"tile door-right"},{"x":0.05,"y":0.23,"z":2.06,"l":0.05,"d":0.98,"h":2.4,"o":"we","class":"tile door-left"}],"inner":[{"x":6.49,"y":0.23,"z":2.06,"l":0.15,"d":1.88,"h":2.27,"o":"we","class":""},{"x":9.07,"y":0.23,"z":0.17,"l":0.15,"d":0.54,"h":2.27,"o":"we","class":""},{"x":9.07,"y":0.23,"z":1.61,"l":0.15,"d":2.33,"h":2.27,"o":"we","class":""},{"x":6.64,"y":0.23,"z":2.06,"l":0.66,"d":0.15,"h":2.27,"o":"we"},{"x":8.2,"y":0.23,"z":2.06,"l":0.87,"d":0.15,"h":2.27,"o":"we"},{"x":7.3,"y":2.23,"z":2.06,"l":0.9,"d":0.15,"h":0.27,"o":"we","class":""},{"x":9.07,"y":2.23,"z":0.71,"l":0.15,"d":0.9,"h":0.27,"o":"we","class":""}]},"windows":[{"x":3.39,"y":0.23,"z":4.06,"l":0.99,"d":0.05,"h":2,"o":"we","class":"ikkon-window"},{"x":7.49,"y":0.23,"z":4.06,"l":0.48,"d":0.05,"h":2,"o":"we","class":"ikkon-window"},{"x":3.39,"y":0.23,"z":0,"l":1.16,"d":0.05,"h":2.16,"o":"we","class":"ikkon-window"},{"x":4.5,"y":0.23,"z":0.05,"l":1.16,"d":0.05,"h":2.16,"o":"we","class":"ikkon-window door-left"},{"x":5.66,"y":0.23,"z":0.05,"l":1.16,"d":0.05,"h":2.16,"o":"we","class":"ikkon-window door-right"},{"x":6.77,"y":0.23,"z":0,"l":1.16,"d":0.05,"h":2.16,"o":"we","class":"ikkon-window"},{"x":10.98,"y":0.23,"z":0,"l":1.21,"d":0.05,"h":2.16,"o":"we","class":"ikkon-window"},{"x":12.14,"y":0.23,"z":0.05,"l":0.05,"d":0.55,"h":2.16,"o":"we","class":"ikkon-window"},{"x":12.14,"y":0.23,"z":0.6,"l":0.05,"d":0.99,"h":2.16,"o":"we","class":"ikkon-window"}],"glass":[],"items":[{"x":1.97,"y":0.23,"z":0.17,"l":0.72,"d":0.91,"h":1.78,"o":"we","class":"fridge black"},{"x":1.97,"y":0.23,"z":1.08,"l":0.6,"d":2.86,"h":0.88,"o":"we","class":"kitchen"},{"x":1.97,"y":1.11,"z":1.08,"l":0.6,"d":2.86,"h":0.04,"o":"we","class":"black"},{"x":0.9,"y":0.23,"z":3.2,"l":0.9,"d":0.8,"h":1.5,"o":"we","class":"black geo-pump"},{"x":1.05,"y":0.23,"z":1.15,"l":0.75,"d":0.7,"h":1.7,"o":"we","class":"black geo-storage"},{"x":1.2,"y":1.33,"z":0.5,"l":0.6,"d":0.6,"h":0.6,"o":"we","class":"gray cleanflo"},{"x":0.2,"y":0.23,"z":0.17,"l":0.4,"d":0.6,"h":1.2,"o":"we","class":""},{"x":1.53,"y":0.23,"z":2.4,"l":0.27,"d":0.75,"h":1.3,"o":"we","class":"gray"},{"x":6.64,"y":0.23,"z":2.99,"l":0.3,"d":0.95,"h":1.2,"o":"we","class":"gray"}],"sensors":[{"x":2.55,"y":2.7,"z":1.14,"l":1.11,"d":1.85,"h":0.04,"o":"we","class":"black solar","api":"testAPI","unit":"kWh☀️","pollingInterval":10,"outside":true,"layer":"solar"},{"x":3.66,"y":2.7,"z":1.14,"l":1.11,"d":1.85,"h":0.04,"o":"we","class":"black solar","api":"testAPI","unit":"kWh☀️","pollingInterval":10,"outside":true,"layer":"solar"},{"x":4.77,"y":2.7,"z":1.14,"l":1.11,"d":1.85,"h":0.04,"o":"we","class":"black solar","api":"testAPI","unit":"kWh☀️","pollingInterval":10,"outside":true,"layer":"solar"},{"x":5.88,"y":2.7,"z":1.14,"l":1.11,"d":1.85,"h":0.04,"o":"we","class":"black solar","api":"testAPI","unit":"kWh☀️","pollingInterval":10,"outside":true,"layer":"solar"},{"x":6.99,"y":2.7,"z":1.14,"l":1.11,"d":1.85,"h":0.04,"o":"we","class":"black solar","api":"testAPI","unit":"kWh☀️","pollingInterval":10,"outside":true,"layer":"solar"},{"x":8.1,"y":2.7,"z":1.14,"l":1.11,"d":1.85,"h":0.04,"o":"we","class":"black solar","api":"testAPI","unit":"kWh☀️","pollingInterval":10,"outside":true,"layer":"solar"},{"x":9.21,"y":2.7,"z":1.14,"l":1.11,"d":1.85,"h":0.04,"o":"we","class":"black solar","api":"testAPI","unit":"kWh☀️","pollingInterval":10,"outside":true,"layer":"solar"},{"x":10.32,"y":2.7,"z":1.14,"l":1.11,"d":1.85,"h":0.04,"o":"we","class":"black solar","api":"testAPI","unit":"kWh☀️","pollingInterval":10,"outside":true,"layer":"solar"},{"x":11.43,"y":2.7,"z":1.14,"l":1.11,"d":1.85,"h":0.04,"o":"we","class":"black solar","api":"testAPI","unit":"kWh☀️","pollingInterval":10,"outside":true,"layer":"solar"},{"x":2.55,"y":2.7,"z":2.99,"l":1.11,"d":1.85,"h":0.04,"o":"we","class":"black solar","api":"testAPI","unit":"kWh☀️","pollingInterval":10,"outside":true,"layer":"solar"},{"x":3.66,"y":2.7,"z":2.99,"l":1.11,"d":1.85,"h":0.04,"o":"we","class":"black solar","api":"testAPI","unit":"kWh☀️","pollingInterval":10,"outside":true,"layer":"solar"},{"x":4.77,"y":2.7,"z":2.99,"l":1.11,"d":1.85,"h":0.04,"o":"we","class":"black solar","api":"testAPI","unit":"kWh☀️","pollingInterval":10,"outside":true,"layer":"solar"},{"x":5.88,"y":2.7,"z":2.99,"l":1.11,"d":1.85,"h":0.04,"o":"we","class":"black solar","api":"testAPI","unit":"kWh☀️","pollingInterval":10,"outside":true,"layer":"solar"},{"x":6.99,"y":2.7,"z":2.99,"l":1.11,"d":1.85,"h":0.04,"o":"we","class":"black solar","api":"testAPI","unit":"kWh☀️","pollingInterval":10,"outside":true,"layer":"solar"},{"x":8.1,"y":2.7,"z":2.99,"l":1.11,"d":1.85,"h":0.04,"o":"we","class":"black solar","api":"testAPI","unit":"kWh☀️","pollingInterval":10,"outside":true,"layer":"solar"},{"x":9.21,"y":2.7,"z":2.99,"l":1.11,"d":1.85,"h":0.04,"o":"we","class":"black solar","api":"testAPI","unit":"kWh☀️","pollingInterval":10,"outside":true,"layer":"solar"},{"x":10.32,"y":2.7,"z":2.99,"l":1.11,"d":1.85,"h":0.04,"o":"we","class":"black solar","api":"testAPI","unit":"kWh☀️","pollingInterval":10,"outside":true,"layer":"solar"},{"x":11.43,"y":2.7,"z":2.99,"l":1.11,"d":1.85,"h":0.04,"o":"we","class":"black solar","api":"testAPI","unit":"kWh☀️","pollingInterval":10,"outside":true,"layer":"solar"},{"x":1,"y":1.4,"z":0.01,"l":0.3,"d":0.1,"h":0.3,"o":"we","class":"black","api":"testAPI","unit":"Wh🔋","pollingInterval":10,"outside":true,"layer":"battery"},{"x":1.35,"y":1.73,"z":3.59,"l":0.1,"d":0.1,"h":0.02,"o":"we","api":"testAPI","unit":"°C🌡","pollingInterval":5,"layer":"temp","class":"black"},{"x":1.35,"y":1.73,"z":3.59,"l":0.1,"d":0.1,"h":0.02,"o":"we","api":"testAPI","unit":"bar💨","pollingInterval":5,"layer":"pressure","class":"black"},{"x":1.42,"y":1.94,"z":1.5,"l":0.1,"d":0.1,"h":0.02,"o":"we","api":"testAPI","unit":"°C🌡","pollingInterval":5,"layer":"temp","class":"black"},{"x":1.42,"y":1.94,"z":1.5,"l":0.1,"d":0.1,"h":0.02,"o":"we","api":"testAPI","unit":"bar💨","pollingInterval":5,"layer":"pressure","class":"black"},{"x":1.5,"y":1.94,"z":0.8,"l":0.1,"d":0.1,"h":0.02,"o":"we","api":"testAPI","class":"gray","unit":"µS/cm💧","layer":"quality","pollingInterval":5},{"x":0.4,"y":1.43,"z":0.47,"l":0.1,"d":0.1,"h":0.02,"o":"we","unit":"µS/cm💧","class":"","layer":"quality","api":"testAPI"},{"x":1.67,"y":1.53,"z":2.77,"l":0.1,"d":0.1,"h":0.02,"o":"we","api":"testAPI","class":"gray","unit":"Wh🔋","layer":"battery","pollingInterval":5},{"x":6.79,"y":1.43,"z":3.47,"l":0.1,"d":0.1,"h":0.02,"o":"we","api":"testAPI","class":"gray","unit":"µS/cm💧","layer":"quality","pollingInterval":5}]}]}